date,BD->US,CL->AR,CL->BO,CL->BR,CL->CA,CL->CO,CL->EC,CL->ES,CL->MX,CL->PE,CL->US,CL->VE,ES->US,IT->US,JM->US,NG->US,NP->US,PK->US,TH->US,TR->US,TW->US
2019-01-01,1275,543,750,460,102,874,228,451,210,1659,520,184,1201,1549,1414,1791,835,1297,903,1034,868
2019-02-01,1349,710,946,646,126,931,297,693,329,1983,671,233,1224,1355,1576,1988,773,1288,949,929,831
2019-03-01,1528,761,1035,578,242,1187,341,861,438,2146,938,328,1278,1387,1961,2573,982,1506,1826,1066,1263
2019-04-01,1150,475,943,460,253,966,222,787,495,1529,667,365,1238,1455,2057,2142,920,1304,1376,803,804
2019-05-01,1036,496,860,494,234,902,242,688,451,1400,684,374,1160,1504,1961,1945,1134,1324,1341,941,799
2019-06-01,1388,604,668,555,252,962,297,849,481,1340,928,383,1622,2087,2107,2007,1239,1672,1621,1472,1345
2019-07-01,2151,515,792,509,181,936,269,715,352,1544,974,413,2484,2378,2326,2447,1777,1808,1739,1533,2071
2019-08-01,1998,504,740,418,252,932,241,1027,386,1379,1111,498,2320,2034,1989,2612,1918,2135,1507,1621,2447
2019-09-01,1571,511,638,325,152,849,200,1262,333,1304,701,424,1605,1610,1351,1787,997,1563,1091,1390,1293
2019-10-01,1469,498,688,329,149,1109,204,1151,256,1451,664,616,1252,1376,1322,1585,903,1314,1144,948,755
2019-11-01,1223,573,611,381,172,1632,213,1130,333,1725,714,1048,1092,1267,1269,1427,863,1431,1047,843,547
2019-12-01,1386,830,1256,496,239,2389,443,1240,514,3168,959,1690,1200,1314,1352,1956,1224,1814,1112,971,815
2020-01-01,1416,773,1066,441,191,1471,333,741,476,2535,901,1189,1166,1349,1183,1650,1128,1761,985,883,717
2020-02-01,1716,1234,1762,607,247,2052,549,1320,889,3651,1159,2081,1330,1529,1560,2297,1630,2010,1265,1022,813
2020-03-01,1432,1131,1487,524,255,1591,326,973,664,3063,1093,1346,1247,1209,1415,1360,1364,1656,1626,869,788
2020-04-01,536,840,708,259,74,504,153,277,243,1245,329,441,573,529,506,622,310,714,714,281,360
2020-05-01,312,709,746,152,29,340,121,204,150,1227,281,391,528,553,357,359,285,512,439,283,314
2020-06-01,273,277,404,105,20,314,71,205,128,659,177,299,562,641,291,292,299,374,325,333,337
2020-07-01,252,217,307,91,11,255,111,189,107,489,140,183,574,662,342,293,186,351,304,288,285
2020-08-01,908,303,402,163,42,331,96,304,74,604,258,148,762,1102,733,465,290,508,500,517,495
2020-09-01,1179,345,572,204,60,309,172,390,106,750,386,154,1073,1539,952,577,393,733,658,684,984
2020-10-01,1235,571,757,272,65,969,327,490,155,1387,577,327,1218,1359,1651,513,406,812,694,660,845
2020-11-01,1702,579,585,317,96,2172,281,606,213,2010,852,440,985,1208,1560,1010,529,1105,714,811,748
2020-12-01,1330,683,839,391,111,2998,351,426,223,2657,938,801,1014,1178,1508,911,400,907,692,697,573
2021-01-01,776,605,1226,345,104,2546,406,346,214,3051,906,1465,927,1027,1155,1150,404,849,606,509,554
2021-02-01,1446,602,1155,368,203,1974,321,453,237,2894,1361,1206,1135,1055,1737,1812,908,1592,696,693,872
2021-03-01,1539,667,1027,376,155,1619,335,464,237,2398,1680,1455,1212,1172,1670,1542,1138,1512,928,738,849
2021-04-01,1117,404,737,177,96,879,193,294,183,1284,872,924,980,891,1204,1427,629,896,685,462,739
2021-05-01,1240,480,846,178,187,675,125,395,274,1095,1565,848,1164,1136,2112,1641,975,1192,1134,687,982
2021-06-01,1369,484,617,130,204,460,129,450,287,772,1908,617,1294,1380,1957,1620,917,1341,1307,556,1053
2021-07-01,1215,330,693,124,254,658,119,527,364,858,3240,932,1697,1932,3357,1815,717,1466,1972,843,1963
2021-08-01,1420,293,613,129,277,608,114,799,522,974,3814,691,2111,1848,2810,2008,1354,1682,2095,1266,2922
2021-09-01,2543,421,688,243,478,901,206,1205,1035,1213,8111,1586,3092,2295,4178,2463,2622,2120,2775,2157,4646
2021-10-01,2137,421,564,189,440,744,146,1329,1435,943,6029,1247,2542,1777,3228,2077,2168,1887,2261,1896,3172
2021-11-01,1731,420,439,134,402,586,86,1453,1834,672,3946,909,1991,1260,2278,1692,1714,1654,1746,1635,1697
2021-12-01,1553,389,454,129,246,730,89,652,984,1057,2772,950,1696,989,1452,949,1052,1321,820,1128,828
2022-01-01,1370,564,835,219,391,988,152,966,622,1413,4071,1734,2598,1268,2524,1084,2101,1501,1009,1396,845
2022-02-01,1651,661,595,236,497,561,115,1100,226,813,3265,1052,2035,1310,2259,1828,2057,1754,1177,1399,1080
2022-03-01,2054,816,813,229,425,774,174,1182,228,1327,3329,1441,2656,1540,2188,1238,1950,1810,1301,1690,1044
2022-04-01,2707,782,980,260,415,790,199,1436,216,1438,3116,1667,2752,1627,2754,1347,2162,1982,1396,1667,1029
2022-05-01,2202,824,1119,266,567,940,259,1287,186,1608,3166,2158,3444,2040,3912,1670,1888,2139,1666,2337,1104
2022-06-01,1709,551,838,150,395,631,184,901,131,1042,2715,1280,2697,1610,3020,1621,1394,1527,1904,2293,911
2022-07-01,1316,466,772,146,379,801,181,960,163,987,2819,1897,2464,1633,3753,1712,1468,1520,1624,2801,1146
2022-08-01,1787,448,1033,164,546,863,188,913,143,1330,3578,1811,2972,1960,3904,1940,2868,1948,1986,3592,2179
2022-09-01,2793,388,872,139,682,704,170,789,222,975,4325,1905,2798,1828,3272,2234,3188,2242,1577,2813,2761
2022-10-01,3813,448,922,230,810,997,245,1796,239,1195,5684,3083,3156,2058,3765,3120,3804,2681,1555,2572,2485
2022-11-01,2074,327,848,172,365,986,207,1054,229,1048,3640,2976,2275,1218,2842,1770,1778,1540,948,1893,925
2022-12-01,2783,455,1238,238,734,1507,284,1832,345,1469,5488,4035,2695,1649,3527,2012,2101,1763,1113,2621,1302
