date,unit,gap_model_scale,is_pre,is_post
2019-01-01,BA->DE,32.18455980225485,1,0
2019-02-01,BA->DE,7.366126358304427,1,0
2019-03-01,BA->DE,112.27090437789411,1,0
2019-04-01,BA->DE,-10.139705591942402,1,0
2019-05-01,BA->DE,-103.86445547324956,1,0
2019-06-01,BA->DE,-23.115615684835348,1,0
2019-07-01,BA->DE,-144.1847994375073,1,0
2019-08-01,BA->DE,245.51907811330148,1,0
2019-09-01,BA->DE,59.00990895904806,1,0
2019-10-01,BA->DE,-164.56855507273076,1,0
2019-11-01,BA->DE,-115.02232167736815,1,0
2019-12-01,BA->DE,97.94722295617362,1,0
2020-01-01,BA->DE,396.3688088600077,1,0
2020-02-01,BA->DE,175.82922123569142,1,0
2020-03-01,BA->DE,182.78418101100874,1,0
2020-04-01,BA->DE,-13.227047774330117,1,0
2020-05-01,BA->DE,-65.85600135859829,1,0
2020-06-01,BA->DE,-84.72036168308341,1,0
2020-07-01,BA->DE,-144.96343467157482,1,0
2020-08-01,BA->DE,-343.4437844575376,1,0
2020-09-01,BA->DE,82.58931344548228,1,0
2020-10-01,BA->DE,7.158273151757157,1,0
2020-11-01,BA->DE,-32.85998232194538,1,0
2020-12-01,BA->DE,-291.37400603628043,1,0
2021-01-01,BA->DE,-254.50985934711957,1,0
2021-02-01,BA->DE,10.086262406939795,1,0
2021-03-01,BA->DE,62.089947760813175,1,0
2021-04-01,BA->DE,37.45980462060129,1,0
2021-05-01,BA->DE,98.98682818141106,1,0
2021-06-01,BA->DE,161.15776579203907,1,0
2021-07-01,BA->DE,-115.22414823623103,1,0
2021-08-01,BA->DE,-123.50584793023381,1,0
2021-09-01,BA->DE,3.3300696925346074,1,0
2021-10-01,BA->DE,-50.3664911739113,1,0
2021-11-01,BA->DE,-103.64104900110465,1,0
2021-12-01,BA->DE,-102.41544366099106,0,1
2022-01-01,BA->DE,235.6942849851166,0,1
2022-02-01,BA->DE,-141.51496339359187,0,1
2022-03-01,BA->DE,558.6146635570906,0,1
2022-04-01,BA->DE,579.5536783866955,0,1
2022-05-01,BA->DE,343.9249343101412,0,1
2022-06-01,BA->DE,45.42709528710225,0,1
2022-07-01,BA->DE,-291.54274932349813,0,1
2022-08-01,BA->DE,-142.71806789278867,0,1
2022-09-01,BA->DE,-117.32401103435404,0,1
2022-10-01,BA->DE,32.84066664435886,0,1
2022-11-01,BA->DE,-362.0865626376126,0,1
2022-12-01,BA->DE,-271.9951186111782,0,1
2019-01-01,BG->DE,-25.855530765199546,1,0
2019-02-01,BG->DE,-88.70720140665048,1,0
2019-03-01,BG->DE,-232.2215661959633,1,0
2019-04-01,BG->DE,-96.86158552235338,1,0
2019-05-01,BG->DE,-84.66988070480511,1,0
2019-06-01,BG->DE,-107.45047829731084,1,0
2019-07-01,BG->DE,-322.57013966916566,1,0
2019-08-01,BG->DE,18.2148626122148,1,0
2019-09-01,BG->DE,-0.047521692176360375,1,0
2019-10-01,BG->DE,99.09684290760742,1,0
2019-11-01,BG->DE,-14.6439553505611,1,0
2019-12-01,BG->DE,-16.819046104310928,1,0
2020-01-01,BG->DE,90.76264369389128,1,0
2020-02-01,BG->DE,-98.73763766258344,1,0
2020-03-01,BG->DE,-261.1573012041872,1,0
2020-04-01,BG->DE,-28.726668962967096,1,0
2020-05-01,BG->DE,-93.83709328991722,1,0
2020-06-01,BG->DE,58.39929291750582,1,0
2020-07-01,BG->DE,57.66703592035208,1,0
2020-08-01,BG->DE,380.84408274667226,1,0
2020-09-01,BG->DE,575.6712066112027,1,0
2020-10-01,BG->DE,361.8184643552959,1,0
2020-11-01,BG->DE,0.6855830832637366,1,0
2020-12-01,BG->DE,166.27795515637854,1,0
2021-01-01,BG->DE,76.72507879084151,1,0
2021-02-01,BG->DE,128.16640264837133,1,0
2021-03-01,BG->DE,-46.66478227033076,1,0
2021-04-01,BG->DE,-115.56315390718146,1,0
2021-05-01,BG->DE,-283.91011540622935,1,0
2021-06-01,BG->DE,-284.7945838154053,1,0
2021-07-01,BG->DE,-179.60193016014045,1,0
2021-08-01,BG->DE,15.983816237345536,1,0
2021-09-01,BG->DE,-15.845983674244053,1,0
2021-10-01,BG->DE,144.6643030382197,1,0
2021-11-01,BG->DE,305.0296247130159,1,0
2021-12-01,BG->DE,-235.86372217431426,0,1
2022-01-01,BG->DE,-21.80950767497643,0,1
2022-02-01,BG->DE,15.366933064626664,0,1
2022-03-01,BG->DE,-206.6492782972116,0,1
2022-04-01,BG->DE,-270.3294882662967,0,1
2022-05-01,BG->DE,-165.98836196581624,0,1
2022-06-01,BG->DE,-289.0827183177987,0,1
2022-07-01,BG->DE,-333.15288462446415,0,1
2022-08-01,BG->DE,-579.2768873157161,0,1
2022-09-01,BG->DE,-415.9542862670346,0,1
2022-10-01,BG->DE,-795.777362054182,0,1
2022-11-01,BG->DE,-251.64843326301389,0,1
2022-12-01,BG->DE,-579.3273815115772,0,1
2019-01-01,ES->DE,311.8977089553425,1,0
2019-02-01,ES->DE,41.303128191627366,1,0
2019-03-01,ES->DE,-158.27686714482024,1,0
2019-04-01,ES->DE,30.15009139250583,1,0
2019-05-01,ES->DE,86.3825371719679,1,0
2019-06-01,ES->DE,-167.93586261481414,1,0
2019-07-01,ES->DE,-102.43393857309502,1,0
2019-08-01,ES->DE,-81.5341648729609,1,0
2019-09-01,ES->DE,-177.19586315493802,1,0
2019-10-01,ES->DE,-146.99331698336164,1,0
2019-11-01,ES->DE,-55.94973434452254,1,0
2019-12-01,ES->DE,53.915816104484065,1,0
2020-01-01,ES->DE,-45.51869026306372,1,0
2020-02-01,ES->DE,-122.5340522914023,1,0
2020-03-01,ES->DE,257.3889967101429,1,0
2020-04-01,ES->DE,53.432718070312376,1,0
2020-05-01,ES->DE,161.82503832312295,1,0
2020-06-01,ES->DE,83.6275191397782,1,0
2020-07-01,ES->DE,103.25533598934567,1,0
2020-08-01,ES->DE,31.66063047799628,1,0
2020-09-01,ES->DE,138.21529684856637,1,0
2020-10-01,ES->DE,199.20972972072514,1,0
2020-11-01,ES->DE,30.840227044669973,1,0
2020-12-01,ES->DE,101.24813026508218,1,0
2021-01-01,ES->DE,92.95458447445526,1,0
2021-02-01,ES->DE,4.724926729522849,1,0
2021-03-01,ES->DE,19.29076166913569,1,0
2021-04-01,ES->DE,-7.00050974805913,1,0
2021-05-01,ES->DE,-189.82674497721723,1,0
2021-06-01,ES->DE,-15.181139513153653,1,0
2021-07-01,ES->DE,-136.14258422378816,1,0
2021-08-01,ES->DE,6.145622157125445,1,0
2021-09-01,ES->DE,148.0715903705027,1,0
2021-10-01,ES->DE,-114.94583150880248,1,0
2021-11-01,ES->DE,-377.8887464512668,1,0
2021-12-01,ES->DE,40.286514753051165,0,1
2022-01-01,ES->DE,-7.097429721116441,0,1
2022-02-01,ES->DE,-134.61052253963635,0,1
2022-03-01,ES->DE,-223.40713260585994,0,1
2022-04-01,ES->DE,-125.28867800555781,0,1
2022-05-01,ES->DE,82.43385798146346,0,1
2022-06-01,ES->DE,123.26067938428332,0,1
2022-07-01,ES->DE,-337.18139294436673,0,1
2022-08-01,ES->DE,-332.0683762787837,0,1
2022-09-01,ES->DE,-424.06071213960604,0,1
2022-10-01,ES->DE,-1014.1491733587536,0,1
2022-11-01,ES->DE,-719.3664154615269,0,1
2022-12-01,ES->DE,-894.818637851029,0,1
2019-01-01,GR->DE,1603.0,1,0
2019-02-01,GR->DE,1602.0,1,0
2019-03-01,GR->DE,1449.0,1,0
2019-04-01,GR->DE,1736.0,1,0
2019-05-01,GR->DE,1464.0,1,0
2019-06-01,GR->DE,1628.0,1,0
2019-07-01,GR->DE,1883.0,1,0
2019-08-01,GR->DE,1907.0,1,0
2019-09-01,GR->DE,2093.0,1,0
2019-10-01,GR->DE,2205.0,1,0
2019-11-01,GR->DE,1986.0,1,0
2019-12-01,GR->DE,2054.0,1,0
2020-01-01,GR->DE,1644.0,1,0
2020-02-01,GR->DE,2080.0,1,0
2020-03-01,GR->DE,1751.0,1,0
2020-04-01,GR->DE,580.0,1,0
2020-05-01,GR->DE,384.0,1,0
2020-06-01,GR->DE,329.0,1,0
2020-07-01,GR->DE,444.0,1,0
2020-08-01,GR->DE,996.0,1,0
2020-09-01,GR->DE,1803.0,1,0
2020-10-01,GR->DE,3036.0,1,0
2020-11-01,GR->DE,3359.0,1,0
2020-12-01,GR->DE,2781.0,1,0
2021-01-01,GR->DE,1974.0,1,0
2021-02-01,GR->DE,1865.0,1,0
2021-03-01,GR->DE,2394.0,1,0
2021-04-01,GR->DE,1605.0,1,0
2021-05-01,GR->DE,2860.0,1,0
2021-06-01,GR->DE,2900.0,1,0
2021-07-01,GR->DE,3670.0,1,0
2021-08-01,GR->DE,2702.0,1,0
2021-09-01,GR->DE,3738.0,1,0
2021-10-01,GR->DE,3785.0,1,0
2021-11-01,GR->DE,3831.0,1,0
2021-12-01,GR->DE,2627.0,0,1
2022-01-01,GR->DE,3398.0,0,1
2022-02-01,GR->DE,2570.0,0,1
2022-03-01,GR->DE,2456.0,0,1
2022-04-01,GR->DE,2615.0,0,1
2022-05-01,GR->DE,3039.0,0,1
2022-06-01,GR->DE,2226.0,0,1
2022-07-01,GR->DE,2282.0,0,1
2022-08-01,GR->DE,2165.0,0,1
2022-09-01,GR->DE,1955.0,0,1
2022-10-01,GR->DE,2795.0,0,1
2022-11-01,GR->DE,2451.0,0,1
2022-12-01,GR->DE,2765.0,0,1
2019-01-01,IN->DE,-317.63463894809775,1,0
2019-02-01,IN->DE,-86.36024111964298,1,0
2019-03-01,IN->DE,937.4560447393947,1,0
2019-04-01,IN->DE,190.41066779117682,1,0
2019-05-01,IN->DE,-338.84317004875584,1,0
2019-06-01,IN->DE,-396.5604484289447,1,0
2019-07-01,IN->DE,-899.7570257265402,1,0
2019-08-01,IN->DE,-345.22325938867516,1,0
2019-09-01,IN->DE,2181.2043430271056,1,0
2019-10-01,IN->DE,1814.5131233464454,1,0
2019-11-01,IN->DE,-471.0862099319402,1,0
2019-12-01,IN->DE,-656.8044589678734,1,0
2020-01-01,IN->DE,-326.78378881753906,1,0
2020-02-01,IN->DE,253.01056966725218,1,0
2020-03-01,IN->DE,-280.593211172918,1,0
2020-04-01,IN->DE,-533.9226173448508,1,0
2020-05-01,IN->DE,-428.30954902096005,1,0
2020-06-01,IN->DE,-290.0002334736191,1,0
2020-07-01,IN->DE,-292.0988421930964,1,0
2020-08-01,IN->DE,-630.7077854902075,1,0
2020-09-01,IN->DE,-729.9613412273513,1,0
2020-10-01,IN->DE,-1021.505553580696,1,0
2020-11-01,IN->DE,-186.7077154372564,1,0
2020-12-01,IN->DE,-111.57879585165529,1,0
2021-01-01,IN->DE,1.936309552663488,1,0
2021-02-01,IN->DE,454.51216960277065,1,0
2021-03-01,IN->DE,1140.509020775784,1,0
2021-04-01,IN->DE,133.9198456084564,1,0
2021-05-01,IN->DE,464.475119308903,1,0
2021-06-01,IN->DE,490.1817538597968,1,0
2021-07-01,IN->DE,-631.2371677098488,1,0
2021-08-01,IN->DE,-569.5075779880776,1,0
2021-09-01,IN->DE,-900.5924947571107,1,0
2021-10-01,IN->DE,369.39847621884155,1,0
2021-11-01,IN->DE,1638.3603954157097,1,0
2021-12-01,IN->DE,811.834285355131,0,1
2022-01-01,IN->DE,923.8368218888822,0,1
2022-02-01,IN->DE,1541.1843836823316,0,1
2022-03-01,IN->DE,630.1714715897679,0,1
2022-04-01,IN->DE,2041.2232376825516,0,1
2022-05-01,IN->DE,1665.3785108323968,0,1
2022-06-01,IN->DE,1169.0269299082925,0,1
2022-07-01,IN->DE,1054.226653013046,0,1
2022-08-01,IN->DE,281.1146504042863,0,1
2022-09-01,IN->DE,-109.28174064619952,0,1
2022-10-01,IN->DE,1598.8151079086379,0,1
2022-11-01,IN->DE,479.026179311114,0,1
2022-12-01,IN->DE,3068.5726462290345,0,1
2019-01-01,IT->DE,519.7831136977748,1,0
2019-02-01,IT->DE,814.4407906920555,1,0
2019-03-01,IT->DE,608.3320902043979,1,0
2019-04-01,IT->DE,684.7144285180839,1,0
2019-05-01,IT->DE,-315.32847173924847,1,0
2019-06-01,IT->DE,-392.3586646048511,1,0
2019-07-01,IT->DE,-184.18468991943655,1,0
2019-08-01,IT->DE,-358.918336999463,1,0
2019-09-01,IT->DE,-161.92264410749794,1,0
2019-10-01,IT->DE,96.74209773538632,1,0
2019-11-01,IT->DE,47.9415349874439,1,0
2019-12-01,IT->DE,219.1162916332314,1,0
2020-01-01,IT->DE,75.65251587920966,1,0
2020-02-01,IT->DE,448.7894374506809,1,0
2020-03-01,IT->DE,-253.8312770672551,1,0
2020-04-01,IT->DE,-425.9116613454946,1,0
2020-05-01,IT->DE,-355.6733471961202,1,0
2020-06-01,IT->DE,-297.7178893269397,1,0
2020-07-01,IT->DE,-273.0605122522287,1,0
2020-08-01,IT->DE,-126.01772762144537,1,0
2020-09-01,IT->DE,-153.16396959904523,1,0
2020-10-01,IT->DE,3.207750945094631,1,0
2020-11-01,IT->DE,391.91029649778693,1,0
2020-12-01,IT->DE,443.2468122599894,1,0
2021-01-01,IT->DE,52.86533337439141,1,0
2021-02-01,IT->DE,-189.95713986356486,1,0
2021-03-01,IT->DE,-212.70025351604932,1,0
2021-04-01,IT->DE,-263.29036701868836,1,0
2021-05-01,IT->DE,-250.4115198520285,1,0
2021-06-01,IT->DE,-173.63700283898697,1,0
2021-07-01,IT->DE,-413.26568764869035,1,0
2021-08-01,IT->DE,-227.60486281874137,1,0
2021-09-01,IT->DE,-157.93963265447655,1,0
2021-10-01,IT->DE,-286.93436131217413,1,0
2021-11-01,IT->DE,-414.44267783120085,1,0
2021-12-01,IT->DE,-228.22679803646747,0,1
2022-01-01,IT->DE,-156.84541889590082,0,1
2022-02-01,IT->DE,-593.0940285756196,0,1
2022-03-01,IT->DE,-663.4891687248696,0,1
2022-04-01,IT->DE,-643.7742804395725,0,1
2022-05-01,IT->DE,-1137.7428206257514,0,1
2022-06-01,IT->DE,-1280.329689151506,0,1
2022-07-01,IT->DE,-1036.8793101130227,0,1
2022-08-01,IT->DE,-1279.3567393920762,0,1
2022-09-01,IT->DE,-1141.573878052041,0,1
2022-10-01,IT->DE,-1661.4021111841585,0,1
2022-11-01,IT->DE,-1207.8610857983958,0,1
2022-12-01,IT->DE,-1245.7162159489276,0,1
2019-01-01,PL->DE,464.2581804046172,1,0
2019-02-01,PL->DE,-80.57796746150188,1,0
2019-03-01,PL->DE,-270.5126087936169,1,0
2019-04-01,PL->DE,676.0149986071797,1,0
2019-05-01,PL->DE,-3.8916502646338813,1,0
2019-06-01,PL->DE,392.7670593421376,1,0
2019-07-01,PL->DE,-42.77793772148243,1,0
2019-08-01,PL->DE,-238.33284900072658,1,0
2019-09-01,PL->DE,-345.6601478804523,1,0
2019-10-01,PL->DE,-445.4183406058696,1,0
2019-11-01,PL->DE,-579.0303831054139,1,0
2019-12-01,PL->DE,-194.64337216349986,1,0
2020-01-01,PL->DE,-150.34150666721007,1,0
2020-02-01,PL->DE,10.51069396462799,1,0
2020-03-01,PL->DE,563.8370701279719,1,0
2020-04-01,PL->DE,713.7351550286162,1,0
2020-05-01,PL->DE,459.27225154685675,1,0
2020-06-01,PL->DE,218.30410524763795,1,0
2020-07-01,PL->DE,235.3741042870721,1,0
2020-08-01,PL->DE,-209.6493529344466,1,0
2020-09-01,PL->DE,23.855225665441594,1,0
2020-10-01,PL->DE,53.42364630574957,1,0
2020-11-01,PL->DE,201.5651391170495,1,0
2020-12-01,PL->DE,-692.8321002055804,1,0
2021-01-01,PL->DE,-108.18822795480901,1,0
2021-02-01,PL->DE,-105.87839703477539,1,0
2021-03-01,PL->DE,-148.19104467675152,1,0
2021-04-01,PL->DE,174.87379124204244,1,0
2021-05-01,PL->DE,-156.2748459030745,1,0
2021-06-01,PL->DE,-102.00318580517614,1,0
2021-07-01,PL->DE,54.56685826399553,1,0
2021-08-01,PL->DE,167.79339638535953,1,0
2021-09-01,PL->DE,-465.64527599100575,1,0
2021-10-01,PL->DE,-17.004165744916918,1,0
2021-11-01,PL->DE,430.1370394733981,1,0
2021-12-01,PL->DE,-162.08555458453816,0,1
2022-01-01,PL->DE,77.8229647405492,0,1
2022-02-01,PL->DE,1041.0230826452612,0,1
2022-03-01,PL->DE,709.1210104439833,0,1
2022-04-01,PL->DE,854.0514295968169,0,1
2022-05-01,PL->DE,970.6211059166021,0,1
2022-06-01,PL->DE,1208.1462651458273,0,1
2022-07-01,PL->DE,1461.6703418513966,0,1
2022-08-01,PL->DE,909.4763865137102,0,1
2022-09-01,PL->DE,917.6264062556988,0,1
2022-10-01,PL->DE,1355.7687707704954,0,1
2022-11-01,PL->DE,1033.6527371956795,0,1
2022-12-01,PL->DE,1347.9524566345285,0,1
2019-01-01,RO->DE,3935.0,1,0
2019-02-01,RO->DE,4277.0,1,0
2019-03-01,RO->DE,4343.0,1,0
2019-04-01,RO->DE,4559.0,1,0
2019-05-01,RO->DE,4440.0,1,0
2019-06-01,RO->DE,4685.0,1,0
2019-07-01,RO->DE,5957.0,1,0
2019-08-01,RO->DE,5479.0,1,0
2019-09-01,RO->DE,5518.0,1,0
2019-10-01,RO->DE,4977.0,1,0
2019-11-01,RO->DE,3946.0,1,0
2019-12-01,RO->DE,3317.0,1,0
2020-01-01,RO->DE,4581.0,1,0
2020-02-01,RO->DE,5566.0,1,0
2020-03-01,RO->DE,6179.0,1,0
2020-04-01,RO->DE,2560.0,1,0
2020-05-01,RO->DE,1833.0,1,0
2020-06-01,RO->DE,1210.0,1,0
2020-07-01,RO->DE,1127.0,1,0
2020-08-01,RO->DE,3057.0,1,0
2020-09-01,RO->DE,4295.0,1,0
2020-10-01,RO->DE,5683.0,1,0
2020-11-01,RO->DE,6830.0,1,0
2020-12-01,RO->DE,4596.0,1,0
2021-01-01,RO->DE,2993.0,1,0
2021-02-01,RO->DE,4031.0,1,0
2021-03-01,RO->DE,3581.0,1,0
2021-04-01,RO->DE,1945.0,1,0
2021-05-01,RO->DE,3340.0,1,0
2021-06-01,RO->DE,2776.0,1,0
2021-07-01,RO->DE,4477.0,1,0
2021-08-01,RO->DE,3108.0,1,0
2021-09-01,RO->DE,4625.0,1,0
2021-10-01,RO->DE,5064.0,1,0
2021-11-01,RO->DE,5503.0,1,0
2021-12-01,RO->DE,3200.0,0,1
2022-01-01,RO->DE,4279.0,0,1
2022-02-01,RO->DE,4536.0,0,1
2022-03-01,RO->DE,4662.0,0,1
2022-04-01,RO->DE,4607.0,0,1
2022-05-01,RO->DE,5319.0,0,1
2022-06-01,RO->DE,4727.0,0,1
2022-07-01,RO->DE,3863.0,0,1
2022-08-01,RO->DE,3528.0,0,1
2022-09-01,RO->DE,4152.0,0,1
2022-10-01,RO->DE,5929.0,0,1
2022-11-01,RO->DE,4265.0,0,1
2022-12-01,RO->DE,5108.0,0,1
2019-01-01,RS->DE,1447.0,1,0
2019-02-01,RS->DE,1480.0,1,0
2019-03-01,RS->DE,1411.0,1,0
2019-04-01,RS->DE,1347.0,1,0
2019-05-01,RS->DE,1324.0,1,0
2019-06-01,RS->DE,1332.0,1,0
2019-07-01,RS->DE,1470.0,1,0
2019-08-01,RS->DE,1617.0,1,0
2019-09-01,RS->DE,1507.0,1,0
2019-10-01,RS->DE,1538.0,1,0
2019-11-01,RS->DE,1180.0,1,0
2019-12-01,RS->DE,1105.0,1,0
2020-01-01,RS->DE,1593.0,1,0
2020-02-01,RS->DE,1934.0,1,0
2020-03-01,RS->DE,1719.0,1,0
2020-04-01,RS->DE,465.0,1,0
2020-05-01,RS->DE,449.0,1,0
2020-06-01,RS->DE,446.0,1,0
2020-07-01,RS->DE,474.0,1,0
2020-08-01,RS->DE,952.0,1,0
2020-09-01,RS->DE,1269.0,1,0
2020-10-01,RS->DE,1559.0,1,0
2020-11-01,RS->DE,1487.0,1,0
2020-12-01,RS->DE,1108.0,1,0
2021-01-01,RS->DE,784.0,1,0
2021-02-01,RS->DE,1132.0,1,0
2021-03-01,RS->DE,1061.0,1,0
2021-04-01,RS->DE,655.0,1,0
2021-05-01,RS->DE,890.0,1,0
2021-06-01,RS->DE,820.0,1,0
2021-07-01,RS->DE,1288.0,1,0
2021-08-01,RS->DE,1257.0,1,0
2021-09-01,RS->DE,1565.0,1,0
2021-10-01,RS->DE,1601.0,1,0
2021-11-01,RS->DE,1638.0,1,0
2021-12-01,RS->DE,820.0,0,1
2022-01-01,RS->DE,1338.0,0,1
2022-02-01,RS->DE,1300.0,0,1
2022-03-01,RS->DE,1945.0,0,1
2022-04-01,RS->DE,1364.0,0,1
2022-05-01,RS->DE,1639.0,0,1
2022-06-01,RS->DE,1185.0,0,1
2022-07-01,RS->DE,1019.0,0,1
2022-08-01,RS->DE,1597.0,0,1
2022-09-01,RS->DE,1546.0,0,1
2022-10-01,RS->DE,1795.0,0,1
2022-11-01,RS->DE,1417.0,0,1
2022-12-01,RS->DE,1382.0,0,1
2019-01-01,US->DE,-355.316312812261,1,0
2019-02-01,US->DE,-388.5326864098679,1,0
2019-03-01,US->DE,-8.570634064793012,1,0
2019-04-01,US->DE,-402.4244394183588,1,0
2019-05-01,US->DE,-873.4714076363935,1,0
2019-06-01,US->DE,642.5992121998725,1,0
2019-07-01,US->DE,680.9175304991577,1,0
2019-08-01,US->DE,1367.363540191045,1,0
2019-09-01,US->DE,257.79516450091705,1,0
2019-10-01,US->DE,-500.15220109795246,1,0
2019-11-01,US->DE,-520.7370554996323,1,0
2019-12-01,US->DE,138.30083892639868,1,0
2020-01-01,US->DE,-482.01044016113156,1,0
2020-02-01,US->DE,-446.2320042063284,1,0
2020-03-01,US->DE,-634.6364845215558,1,0
2020-04-01,US->DE,-169.80466743103966,1,0
2020-05-01,US->DE,77.93990345063321,1,0
2020-06-01,US->DE,225.26439540342164,1,0
2020-07-01,US->DE,226.21522697190278,1,0
2020-08-01,US->DE,8.181292247427791,1,0
2020-09-01,US->DE,967.4579742568658,1,0
2020-10-01,US->DE,405.5602295048607,1,0
2020-11-01,US->DE,256.044141108292,1,0
2020-12-01,US->DE,-516.2869403797054,1,0
2021-01-01,US->DE,164.2333986906715,1,0
2021-02-01,US->DE,146.9363129390972,1,0
2021-03-01,US->DE,496.21218119652485,1,0
2021-04-01,US->DE,97.5285432911096,1,0
2021-05-01,US->DE,93.21134661489577,1,0
2021-06-01,US->DE,601.1800744489328,1,0
2021-07-01,US->DE,14.571811251158579,1,0
2021-08-01,US->DE,561.7844257280299,1,0
2021-09-01,US->DE,-373.4508492640425,1,0
2021-10-01,US->DE,-444.7305177805224,1,0
2021-11-01,US->DE,-514.8178079322679,1,0
2021-12-01,US->DE,-688.2700653616421,0,1
2022-01-01,US->DE,-985.0745315461609,0,1
2022-02-01,US->DE,-605.5788321085906,0,1
2022-03-01,US->DE,-961.201922232558,0,1
2022-04-01,US->DE,-394.86904244188327,0,1
2022-05-01,US->DE,-1182.7021302654962,0,1
2022-06-01,US->DE,-1122.7040791038485,0,1
2022-07-01,US->DE,-372.431653176523,0,1
2022-08-01,US->DE,-162.57973466336352,0,1
2022-09-01,US->DE,-194.71001518333833,0,1
2022-10-01,US->DE,-737.7531379331581,0,1
2022-11-01,US->DE,-1308.1941394059977,0,1
2022-12-01,US->DE,-982.2288606928728,0,1
2019-01-01,TR->AF,-90.61682384002097,1,0
2019-02-01,TR->AF,-83.49952610533182,1,0
2019-03-01,TR->AF,-296.0267384451215,1,0
2019-04-01,TR->AF,386.23907929483426,1,0
2019-05-01,TR->AF,-38.43224786527662,1,0
2019-06-01,TR->AF,-586.168277481956,1,0
2019-07-01,TR->AF,-78.73476020184307,1,0
2019-08-01,TR->AF,-186.85460057323598,1,0
2019-09-01,TR->AF,-360.15266385588075,1,0
2019-10-01,TR->AF,1052.7119279782123,1,0
2019-11-01,TR->AF,1092.3140618721618,1,0
2019-12-01,TR->AF,875.3815158525085,1,0
2020-01-01,TR->AF,230.82612944380844,1,0
2020-02-01,TR->AF,180.47466115583165,1,0
2020-03-01,TR->AF,34.58334569230692,1,0
2020-04-01,TR->AF,356.1904328786678,1,0
2020-05-01,TR->AF,236.8500386868917,1,0
2020-06-01,TR->AF,-69.3391079106068,1,0
2020-07-01,TR->AF,4.855916213726516,1,0
2020-08-01,TR->AF,-212.96448933957413,1,0
2020-09-01,TR->AF,-549.1545705337185,1,0
2020-10-01,TR->AF,-297.50723733757513,1,0
2020-11-01,TR->AF,-454.39043816080016,1,0
2020-12-01,TR->AF,-842.211278857952,1,0
2021-01-01,TR->AF,-186.6686150105295,1,0
2021-02-01,TR->AF,141.9486330201812,1,0
2021-03-01,TR->AF,-37.44777977917556,1,0
2021-04-01,TR->AF,682.2691205527977,1,0
2021-05-01,TR->AF,305.75791176488895,1,0
2021-06-01,TR->AF,244.85686111410803,1,0
2021-07-01,TR->AF,442.5232967422959,1,0
2021-08-01,TR->AF,499.3298956681606,1,0
2021-09-01,TR->AF,-130.3084751148292,1,0
2021-10-01,TR->AF,-221.01228727240505,1,0
2021-11-01,TR->AF,-310.33297952683074,1,0
2021-12-01,TR->AF,-563.0421090587756,0,1
2022-01-01,TR->AF,-616.5465957350598,0,1
2022-02-01,TR->AF,-416.13942682920276,0,1
2022-03-01,TR->AF,-406.0420211022812,0,1
2022-04-01,TR->AF,-269.03735251708554,0,1
2022-05-01,TR->AF,1255.4081684123585,0,1
2022-06-01,TR->AF,1404.907138775429,0,1
2022-07-01,TR->AF,2126.341110549236,0,1
2022-08-01,TR->AF,2024.7911924400987,0,1
2022-09-01,TR->AF,2470.7795314924933,0,1
2022-10-01,TR->AF,1568.6789093720631,0,1
2022-11-01,TR->AF,2715.73532443509,0,1
2022-12-01,TR->AF,458.0384665544011,0,1
2019-01-01,TR->FR,-84.77215734117362,1,0
2019-02-01,TR->FR,68.55009618949111,1,0
2019-03-01,TR->FR,-61.00981894841789,1,0
2019-04-01,TR->FR,65.49111789145275,1,0
2019-05-01,TR->FR,113.02109603374959,1,0
2019-06-01,TR->FR,13.190350503513855,1,0
2019-07-01,TR->FR,-59.346575090669376,1,0
2019-08-01,TR->FR,-103.61480629033485,1,0
2019-09-01,TR->FR,91.34321884917199,1,0
2019-10-01,TR->FR,-2.190473879472165,1,0
2019-11-01,TR->FR,75.51502275536541,1,0
2019-12-01,TR->FR,-72.90943064887279,1,0
2020-01-01,TR->FR,-86.92840249934352,1,0
2020-02-01,TR->FR,1.1279184016784711,1,0
2020-03-01,TR->FR,99.86136950631385,1,0
2020-04-01,TR->FR,30.957640072135803,1,0
2020-05-01,TR->FR,-15.766738195870744,1,0
2020-06-01,TR->FR,-10.184561878762395,1,0
2020-07-01,TR->FR,-84.40891262033603,1,0
2020-08-01,TR->FR,-180.90041195096603,1,0
2020-09-01,TR->FR,-259.0299609079101,1,0
2020-10-01,TR->FR,-56.783860719017525,1,0
2020-11-01,TR->FR,-74.34981045789141,1,0
2020-12-01,TR->FR,-35.945577950297434,1,0
2021-01-01,TR->FR,32.46613807776623,1,0
2021-02-01,TR->FR,-45.222885685383176,1,0
2021-03-01,TR->FR,-159.52315629737132,1,0
2021-04-01,TR->FR,-26.508281463086576,1,0
2021-05-01,TR->FR,-162.05979575596302,1,0
2021-06-01,TR->FR,-80.68886819897818,1,0
2021-07-01,TR->FR,-73.2464965275226,1,0
2021-08-01,TR->FR,-51.6002461636175,1,0
2021-09-01,TR->FR,-35.00472627271506,1,0
2021-10-01,TR->FR,62.84277583254129,1,0
2021-11-01,TR->FR,160.08979378017148,1,0
2021-12-01,TR->FR,466.02230046189925,0,1
2022-01-01,TR->FR,849.6708218590722,0,1
2022-02-01,TR->FR,306.8753785785034,0,1
2022-03-01,TR->FR,309.46781472425664,0,1
2022-04-01,TR->FR,-38.8893768558014,0,1
2022-05-01,TR->FR,257.42227106654764,0,1
2022-06-01,TR->FR,279.2957936533703,0,1
2022-07-01,TR->FR,200.0570854754783,0,1
2022-08-01,TR->FR,-208.5903491291083,0,1
2022-09-01,TR->FR,5.60617857844818,0,1
2022-10-01,TR->FR,-137.973352103681,0,1
2022-11-01,TR->FR,740.2483826653206,0,1
2022-12-01,TR->FR,702.7022623766852,0,1
2019-01-01,TR->GB,909.0,1,0
2019-02-01,TR->GB,1108.0,1,0
2019-03-01,TR->GB,1139.0,1,0
2019-04-01,TR->GB,919.0,1,0
2019-05-01,TR->GB,724.0,1,0
2019-06-01,TR->GB,1007.0,1,0
2019-07-01,TR->GB,1190.0,1,0
2019-08-01,TR->GB,1095.0,1,0
2019-09-01,TR->GB,1545.0,1,0
2019-10-01,TR->GB,1307.0,1,0
2019-11-01,TR->GB,1022.0,1,0
2019-12-01,TR->GB,1005.0,1,0
2020-01-01,TR->GB,986.0,1,0
2020-02-01,TR->GB,1419.0,1,0
2020-03-01,TR->GB,1162.0,1,0
2020-04-01,TR->GB,394.0,1,0
2020-05-01,TR->GB,257.0,1,0
2020-06-01,TR->GB,278.0,1,0
2020-07-01,TR->GB,244.0,1,0
2020-08-01,TR->GB,640.0,1,0
2020-09-01,TR->GB,1185.0,1,0
2020-10-01,TR->GB,1748.0,1,0
2020-11-01,TR->GB,1992.0,1,0
2020-12-01,TR->GB,1563.0,1,0
2021-01-01,TR->GB,1018.0,1,0
2021-02-01,TR->GB,1150.0,1,0
2021-03-01,TR->GB,982.0,1,0
2021-04-01,TR->GB,576.0,1,0
2021-05-01,TR->GB,1055.0,1,0
2021-06-01,TR->GB,859.0,1,0
2021-07-01,TR->GB,989.0,1,0
2021-08-01,TR->GB,853.0,1,0
2021-09-01,TR->GB,1190.0,1,0
2021-10-01,TR->GB,1296.0,1,0
2021-11-01,TR->GB,1402.0,1,0
2021-12-01,TR->GB,739.0,0,1
2022-01-01,TR->GB,894.0,0,1
2022-02-01,TR->GB,782.0,0,1
2022-03-01,TR->GB,980.0,0,1
2022-04-01,TR->GB,848.0,0,1
2022-05-01,TR->GB,938.0,0,1
2022-06-01,TR->GB,639.0,0,1
2022-07-01,TR->GB,860.0,0,1
2022-08-01,TR->GB,1156.0,0,1
2022-09-01,TR->GB,1269.0,0,1
2022-10-01,TR->GB,2101.0,0,1
2022-11-01,TR->GB,1768.0,0,1
2022-12-01,TR->GB,1961.0,0,1
2019-01-01,TR->GR,-329.39788333722186,1,0
2019-02-01,TR->GR,-456.52720798738824,1,0
2019-03-01,TR->GR,-296.8647508233496,1,0
2019-04-01,TR->GR,-567.2750309661228,1,0
2019-05-01,TR->GR,-311.55329657819516,1,0
2019-06-01,TR->GR,24.402635603831072,1,0
2019-07-01,TR->GR,103.98517291763528,1,0
2019-08-01,TR->GR,464.3709048889632,1,0
2019-09-01,TR->GR,1112.819522705964,1,0
2019-10-01,TR->GR,243.45181605585276,1,0
2019-11-01,TR->GR,314.59388237570874,1,0
2019-12-01,TR->GR,-28.90845225869907,1,0
2020-01-01,TR->GR,206.90577943042717,1,0
2020-02-01,TR->GR,-404.3537890378916,1,0
2020-03-01,TR->GR,38.473232688483904,1,0
2020-04-01,TR->GR,-26.81218855891609,1,0
2020-05-01,TR->GR,-66.35218204742182,1,0
2020-06-01,TR->GR,3.6110453431855376,1,0
2020-07-01,TR->GR,-31.275806024724147,1,0
2020-08-01,TR->GR,124.57576528224189,1,0
2020-09-01,TR->GR,315.60780941702114,1,0
2020-10-01,TR->GR,134.9307376869947,1,0
2020-11-01,TR->GR,329.98328395148053,1,0
2020-12-01,TR->GR,285.293918453129,1,0
2021-01-01,TR->GR,-392.0600946348644,1,0
2021-02-01,TR->GR,-591.1073750836539,1,0
2021-03-01,TR->GR,-558.819859222385,1,0
2021-04-01,TR->GR,-773.3489876201545,1,0
2021-05-01,TR->GR,-605.3220377869445,1,0
2021-06-01,TR->GR,-423.4349332572375,1,0
2021-07-01,TR->GR,-710.7081355852285,1,0
2021-08-01,TR->GR,-732.6205282181004,1,0
2021-09-01,TR->GR,-827.0227943123207,1,0
2021-10-01,TR->GR,-659.2044553999566,1,0
2021-11-01,TR->GR,-492.33228933755765,1,0
2021-12-01,TR->GR,-458.7952581472483,0,1
2022-01-01,TR->GR,-803.6320675229249,0,1
2022-02-01,TR->GR,-590.2215701987126,0,1
2022-03-01,TR->GR,-791.8802686863062,0,1
2022-04-01,TR->GR,-936.4409358186456,0,1
2022-05-01,TR->GR,-1687.0626399093671,0,1
2022-06-01,TR->GR,-1508.8035704692418,0,1
2022-07-01,TR->GR,-1876.7862098040896,0,1
2022-08-01,TR->GR,-2071.590521625084,0,1
2022-09-01,TR->GR,-1968.2659557738907,0,1
2022-10-01,TR->GR,-1858.4521031523986,0,1
2022-11-01,TR->GR,-1790.9648574666999,0,1
2022-12-01,TR->GR,-917.394857157278,0,1
2019-01-01,TR->IQ,-186.24662493157211,1,0
2019-02-01,TR->IQ,15.831676819490895,1,0
2019-03-01,TR->IQ,381.86481717574,1,0
2019-04-01,TR->IQ,-331.0946251090404,1,0
2019-05-01,TR->IQ,-214.64162822589924,1,0
2019-06-01,TR->IQ,654.5873051203425,1,0
2019-07-01,TR->IQ,-165.90481900012128,1,0
2019-08-01,TR->IQ,-263.5651856387367,1,0
2019-09-01,TR->IQ,-1138.766793892688,1,0
2019-10-01,TR->IQ,-566.4589139648597,1,0
2019-11-01,TR->IQ,392.0437406095548,1,0
2019-12-01,TR->IQ,188.4957727386809,1,0
2020-01-01,TR->IQ,118.42858393003326,1,0
2020-02-01,TR->IQ,857.0225706858946,1,0
2020-03-01,TR->IQ,-742.9299611664946,1,0
2020-04-01,TR->IQ,-99.70244324646774,1,0
2020-05-01,TR->IQ,100.48137284343989,1,0
2020-06-01,TR->IQ,398.20422142510404,1,0
2020-07-01,TR->IQ,226.7541048192552,1,0
2020-08-01,TR->IQ,-32.878886069533564,1,0
2020-09-01,TR->IQ,263.9961226704613,1,0
2020-10-01,TR->IQ,458.1423810715528,1,0
2020-11-01,TR->IQ,-638.8525885391618,1,0
2020-12-01,TR->IQ,1508.7189674692872,1,0
2021-01-01,TR->IQ,1257.116275532824,1,0
2021-02-01,TR->IQ,936.0790676590582,1,0
2021-03-01,TR->IQ,696.6725340975267,1,0
2021-04-01,TR->IQ,362.91672466909245,1,0
2021-05-01,TR->IQ,200.5988058149203,1,0
2021-06-01,TR->IQ,-51.13303144920155,1,0
2021-07-01,TR->IQ,-207.8550764808574,1,0
2021-08-01,TR->IQ,-466.66793847309486,1,0
2021-09-01,TR->IQ,171.15459593483274,1,0
2021-10-01,TR->IQ,-378.6472947158036,1,0
2021-11-01,TR->IQ,-927.8976479569706,1,0
2021-12-01,TR->IQ,215.88982035691606,0,1
2022-01-01,TR->IQ,283.9901781757626,0,1
2022-02-01,TR->IQ,-470.68034377297545,0,1
2022-03-01,TR->IQ,18.07145049553037,0,1
2022-04-01,TR->IQ,14.932545692563963,0,1
2022-05-01,TR->IQ,-588.9101259369863,0,1
2022-06-01,TR->IQ,-719.3764970758457,0,1
2022-07-01,TR->IQ,-599.3988779889,0,1
2022-08-01,TR->IQ,357.96900183981097,0,1
2022-09-01,TR->IQ,-864.271535121859,0,1
2022-10-01,TR->IQ,-310.92129037206814,0,1
2022-11-01,TR->IQ,-354.96085214519644,0,1
2022-12-01,TR->IQ,174.92864048484444,0,1
2019-01-01,TR->NL,754.0,1,0
2019-02-01,TR->NL,697.0,1,0
2019-03-01,TR->NL,978.0,1,0
2019-04-01,TR->NL,701.0,1,0
2019-05-01,TR->NL,527.0,1,0
2019-06-01,TR->NL,704.0,1,0
2019-07-01,TR->NL,953.0,1,0
2019-08-01,TR->NL,1093.0,1,0
2019-09-01,TR->NL,1063.0,1,0
2019-10-01,TR->NL,979.0,1,0
2019-11-01,TR->NL,776.0,1,0
2019-12-01,TR->NL,826.0,1,0
2020-01-01,TR->NL,725.0,1,0
2020-02-01,TR->NL,966.0,1,0
2020-03-01,TR->NL,610.0,1,0
2020-04-01,TR->NL,255.0,1,0
2020-05-01,TR->NL,177.0,1,0
2020-06-01,TR->NL,256.0,1,0
2020-07-01,TR->NL,242.0,1,0
2020-08-01,TR->NL,502.0,1,0
2020-09-01,TR->NL,820.0,1,0
2020-10-01,TR->NL,901.0,1,0
2020-11-01,TR->NL,893.0,1,0
2020-12-01,TR->NL,920.0,1,0
2021-01-01,TR->NL,511.0,1,0
2021-02-01,TR->NL,719.0,1,0
2021-03-01,TR->NL,785.0,1,0
2021-04-01,TR->NL,414.0,1,0
2021-05-01,TR->NL,695.0,1,0
2021-06-01,TR->NL,581.0,1,0
2021-07-01,TR->NL,704.0,1,0
2021-08-01,TR->NL,797.0,1,0
2021-09-01,TR->NL,1177.0,1,0
2021-10-01,TR->NL,1472.0,1,0
2021-11-01,TR->NL,1768.0,1,0
2021-12-01,TR->NL,1249.0,0,1
2022-01-01,TR->NL,1550.0,0,1
2022-02-01,TR->NL,1366.0,0,1
2022-03-01,TR->NL,1512.0,0,1
2022-04-01,TR->NL,1512.0,0,1
2022-05-01,TR->NL,1723.0,0,1
2022-06-01,TR->NL,1428.0,0,1
2022-07-01,TR->NL,1564.0,0,1
2022-08-01,TR->NL,2241.0,0,1
2022-09-01,TR->NL,2448.0,0,1
2022-10-01,TR->NL,3224.0,0,1
2022-11-01,TR->NL,2329.0,0,1
2022-12-01,TR->NL,2150.0,0,1
2019-01-01,TR->PK,772.0,1,0
2019-02-01,TR->PK,924.0,1,0
2019-03-01,TR->PK,865.0,1,0
2019-04-01,TR->PK,773.0,1,0
2019-05-01,TR->PK,754.0,1,0
2019-06-01,TR->PK,599.0,1,0
2019-07-01,TR->PK,840.0,1,0
2019-08-01,TR->PK,1124.0,1,0
2019-09-01,TR->PK,1252.0,1,0
2019-10-01,TR->PK,1672.0,1,0
2019-11-01,TR->PK,1460.0,1,0
2019-12-01,TR->PK,1273.0,1,0
2020-01-01,TR->PK,942.0,1,0
2020-02-01,TR->PK,1527.0,1,0
2020-03-01,TR->PK,594.0,1,0
2020-04-01,TR->PK,379.0,1,0
2020-05-01,TR->PK,343.0,1,0
2020-06-01,TR->PK,265.0,1,0
2020-07-01,TR->PK,258.0,1,0
2020-08-01,TR->PK,356.0,1,0
2020-09-01,TR->PK,532.0,1,0
2020-10-01,TR->PK,758.0,1,0
2020-11-01,TR->PK,602.0,1,0
2020-12-01,TR->PK,820.0,1,0
2021-01-01,TR->PK,816.0,1,0
2021-02-01,TR->PK,741.0,1,0
2021-03-01,TR->PK,681.0,1,0
2021-04-01,TR->PK,707.0,1,0
2021-05-01,TR->PK,657.0,1,0
2021-06-01,TR->PK,367.0,1,0
2021-07-01,TR->PK,704.0,1,0
2021-08-01,TR->PK,896.0,1,0
2021-09-01,TR->PK,1183.0,1,0
2021-10-01,TR->PK,853.0,1,0
2021-11-01,TR->PK,522.0,1,0
2021-12-01,TR->PK,692.0,0,1
2022-01-01,TR->PK,1098.0,0,1
2022-02-01,TR->PK,755.0,0,1
2022-03-01,TR->PK,1106.0,0,1
2022-04-01,TR->PK,1358.0,0,1
2022-05-01,TR->PK,1535.0,0,1
2022-06-01,TR->PK,1085.0,0,1
2022-07-01,TR->PK,1398.0,0,1
2022-08-01,TR->PK,1930.0,0,1
2022-09-01,TR->PK,1633.0,0,1
2022-10-01,TR->PK,1819.0,0,1
2022-11-01,TR->PK,1213.0,0,1
2022-12-01,TR->PK,778.0,0,1
2019-01-01,TR->SY,4287.120697574041,1,0
2019-02-01,TR->SY,4311.043338839365,1,0
2019-03-01,TR->SY,4169.9762698348095,1,0
2019-04-01,TR->SY,4469.179085493644,1,0
2019-05-01,TR->SY,10684.688185386236,1,0
2019-06-01,TR->SY,6226.423831102853,1,0
2019-07-01,TR->SY,5367.753712331015,1,0
2019-08-01,TR->SY,5566.549354612404,1,0
2019-09-01,TR->SY,3038.321971173098,1,0
2019-10-01,TR->SY,2143.4213848424006,1,0
2019-11-01,TR->SY,1706.3543158378461,1,0
2019-12-01,TR->SY,1523.4159210477897,1,0
2020-01-01,TR->SY,-165.78226843171478,1,0
2020-02-01,TR->SY,-1135.942516281073,1,0
2020-03-01,TR->SY,-1589.3758660841595,1,0
2020-04-01,TR->SY,-81.82168553624433,1,0
2020-05-01,TR->SY,-72.10816133964772,1,0
2020-06-01,TR->SY,19.75532097618452,1,0
2020-07-01,TR->SY,-133.12076415943443,1,0
2020-08-01,TR->SY,-1562.694619966917,1,0
2020-09-01,TR->SY,-2730.9408410505084,1,0
2020-10-01,TR->SY,-2861.301591469036,1,0
2020-11-01,TR->SY,-4104.449236498606,1,0
2020-12-01,TR->SY,-1825.9780116507673,1,0
2021-01-01,TR->SY,-314.7822018463212,1,0
2021-02-01,TR->SY,-1881.1926590994995,1,0
2021-03-01,TR->SY,-1606.6867099118535,1,0
2021-04-01,TR->SY,-105.26680054383542,1,0
2021-05-01,TR->SY,-799.5478125526274,1,0
2021-06-01,TR->SY,-764.0308026049715,1,0
2021-07-01,TR->SY,-1513.2005691545628,1,0
2021-08-01,TR->SY,-41.08841949468615,1,0
2021-09-01,TR->SY,658.6755159810564,1,0
2021-10-01,TR->SY,-194.8020102766768,1,0
2021-11-01,TR->SY,-1048.7175791022191,1,0
2021-12-01,TR->SY,1350.1909172835417,0,1
2022-01-01,TR->SY,-1517.1611520500333,0,1
2022-02-01,TR->SY,-1352.3718777639306,0,1
2022-03-01,TR->SY,-1468.3103391393806,0,1
2022-04-01,TR->SY,-1451.7728163168754,0,1
2022-05-01,TR->SY,369.8917054895651,0,1
2022-06-01,TR->SY,1163.4876162316732,0,1
2022-07-01,TR->SY,105.8396855652486,0,1
2022-08-01,TR->SY,2322.2154184786204,0,1
2022-09-01,TR->SY,2092.1672537037457,0,1
2022-10-01,TR->SY,1107.709402705581,0,1
2022-11-01,TR->SY,1528.270589107883,0,1
2022-12-01,TR->SY,774.5996993061563,0,1
2019-01-01,TR->US,1034.0,1,0
2019-02-01,TR->US,929.0,1,0
2019-03-01,TR->US,1066.0,1,0
2019-04-01,TR->US,803.0,1,0
2019-05-01,TR->US,941.0,1,0
2019-06-01,TR->US,1472.0,1,0
2019-07-01,TR->US,1533.0,1,0
2019-08-01,TR->US,1621.0,1,0
2019-09-01,TR->US,1390.0,1,0
2019-10-01,TR->US,948.0,1,0
2019-11-01,TR->US,843.0,1,0
2019-12-01,TR->US,971.0,1,0
2020-01-01,TR->US,883.0,1,0
2020-02-01,TR->US,1022.0,1,0
2020-03-01,TR->US,869.0,1,0
2020-04-01,TR->US,281.0,1,0
2020-05-01,TR->US,283.0,1,0
2020-06-01,TR->US,333.0,1,0
2020-07-01,TR->US,288.0,1,0
2020-08-01,TR->US,517.0,1,0
2020-09-01,TR->US,684.0,1,0
2020-10-01,TR->US,660.0,1,0
2020-11-01,TR->US,811.0,1,0
2020-12-01,TR->US,697.0,1,0
2021-01-01,TR->US,509.0,1,0
2021-02-01,TR->US,693.0,1,0
2021-03-01,TR->US,738.0,1,0
2021-04-01,TR->US,462.0,1,0
2021-05-01,TR->US,687.0,1,0
2021-06-01,TR->US,556.0,1,0
2021-07-01,TR->US,843.0,1,0
2021-08-01,TR->US,1266.0,1,0
2021-09-01,TR->US,2157.0,1,0
2021-10-01,TR->US,1896.0,1,0
2021-11-01,TR->US,1635.0,1,0
2021-12-01,TR->US,1128.0,0,1
2022-01-01,TR->US,1396.0,0,1
2022-02-01,TR->US,1399.0,0,1
2022-03-01,TR->US,1690.0,0,1
2022-04-01,TR->US,1667.0,0,1
2022-05-01,TR->US,2337.0,0,1
2022-06-01,TR->US,2293.0,0,1
2022-07-01,TR->US,2801.0,0,1
2022-08-01,TR->US,3592.0,0,1
2022-09-01,TR->US,2813.0,0,1
2022-10-01,TR->US,2572.0,0,1
2022-11-01,TR->US,1893.0,0,1
2022-12-01,TR->US,2621.0,0,1
2019-01-01,TR->UZ,-305.49711028161175,1,0
2019-02-01,TR->UZ,-166.690729454279,1,0
2019-03-01,TR->UZ,-174.03815806037278,1,0
2019-04-01,TR->UZ,-9.60239404104891,1,0
2019-05-01,TR->UZ,179.62378933500372,1,0
2019-06-01,TR->UZ,211.4950461880377,1,0
2019-07-01,TR->UZ,81.69182170671718,1,0
2019-08-01,TR->UZ,-5.613963282795567,1,0
2019-09-01,TR->UZ,-144.825065011358,1,0
2019-10-01,TR->UZ,-108.50505032780075,1,0
2019-11-01,TR->UZ,-15.554929756883894,1,0
2019-12-01,TR->UZ,6.033868275195573,1,0
2020-01-01,TR->UZ,-92.10170638677289,1,0
2020-02-01,TR->UZ,-445.05457371357625,1,0
2020-03-01,TR->UZ,62.35968584966599,1,0
2020-04-01,TR->UZ,-39.47799445878127,1,0
2020-05-01,TR->UZ,-123.47291066402408,1,0
2020-06-01,TR->UZ,-158.1776327915236,1,0
2020-07-01,TR->UZ,-185.96822858581095,1,0
2020-08-01,TR->UZ,-314.18200552773243,1,0
2020-09-01,TR->UZ,-423.6592784012597,1,0
2020-10-01,TR->UZ,-152.39314814278123,1,0
2020-11-01,TR->UZ,-36.0033606368346,1,0
2020-12-01,TR->UZ,128.2746188218348,1,0
2021-01-01,TR->UZ,322.9679513507896,1,0
2021-02-01,TR->UZ,402.5835097866576,1,0
2021-03-01,TR->UZ,316.8037681768718,1,0
2021-04-01,TR->UZ,62.64433328275027,1,0
2021-05-01,TR->UZ,114.67059381942454,1,0
2021-06-01,TR->UZ,253.5019708226165,1,0
2021-07-01,TR->UZ,170.5966628101811,1,0
2021-08-01,TR->UZ,178.2078360078167,1,0
2021-09-01,TR->UZ,-358.53134924363644,1,0
2021-10-01,TR->UZ,-204.9276499330731,1,0
2021-11-01,TR->UZ,-50.02225312470114,1,0
2021-12-01,TR->UZ,-224.55844200059926,0,1
2022-01-01,TR->UZ,-130.75737388427206,0,1
2022-02-01,TR->UZ,-120.46477697323724,0,1
2022-03-01,TR->UZ,-202.8940422074338,0,1
2022-04-01,TR->UZ,-386.8372305636417,0,1
2022-05-01,TR->UZ,87.61315040942577,0,1
2022-06-01,TR->UZ,-269.3538011635169,0,1
2022-07-01,TR->UZ,-427.4761133246907,0,1
2022-08-01,TR->UZ,-697.9333346520364,0,1
2022-09-01,TR->UZ,-847.8001428075438,0,1
2022-10-01,TR->UZ,-1212.1044415024703,0,1
2022-11-01,TR->UZ,-229.0719535890587,0,1
2022-12-01,TR->UZ,-610.7636327337857,0,1
